Patient,TRA_CDR3,TRA_V,TRA_J,TRB_CDR3,TRB_V,TRB_J,counts
P1,CGTDADNNNDMRF,TRAV30*01,TRAJ43*01,CASSLTSGRGEQYF,TRBV28*01,TRBJ2-7*01,6
P1,CAVTSGSRLTF,TRAV39*01,TRAJ58*01,CASSLLPWRELFF,TRBV11-2*01,TRBJ1-4*01,6
P1,CVVNVGNGNKLVF,TRAV12-1*01,TRAJ47*01,CASSPPEGGSSYNEQFF,TRBV5-6*01,TRBJ2-1*01,5
P1,CALSDADMDTGRRALTF,TRAV19*01,TRAJ5*01,CASSTEQGARSDTQYF,TRBV5-1*01,TRBJ2-3*01,5
P1,CALRSGGSYIPTF,TRAV19*01,TRAJ6*01,CASSSLDSYEQYF,TRBV11-3*01,TRBJ2-7*01,5
P3,CAIDLSSGSARQLTF,TRAV14/DV4*01,TRAJ22*01,CASKGNSYEQYF,TRBV28*01,TRBJ2-7*01,182
P3,CAVRTAGNKLTF,TRAV1-2*01,TRAJ17*01,CASSDPVTQYF,TRBV9*01,TRBJ2-3*01,143
P3,CAVKNAGNMLTF,TRAV1-2*01,TRAJ39*01,CASQGPNTEAFF,TRBV9*01,TRBJ1-1*01,69
P3,CVVNRDFQKLVF,TRAV12-1*01,TRAJ8*01,CASRALGVSSGNYGYTF,TRBV28*01,TRBJ1-2*01,44
P3,CAVLAQANDYKLSF,TRAV13-2*01,TRAJ20*01,CASSGNTGGSYEQYF,TRBV9*01,TRBJ2-7*01,36
P3,CAVKGTYKYIF,TRAV8-1*01,TRAJ40*01,CASSVGGTLSSYNEQFF,TRBV10-2*01,TRBJ2-1*01,23
P3,CAVRQAGNQFYF,TRAV1-2*01,TRAJ49*01,CASSGNTGGSYEQYF,TRBV9*01,TRBJ2-7*01,16
P3,CAASANNARLMF,TRAV29/DV5*01,TRAJ31*01,CSASVQRENDEQFF,TRBV20-1*02,TRBJ2-1*01,15
P3,CAFMGGSARQLTF,TRAV38-1*01,TRAJ22*01,CASRERGGNTEAFF,TRBV19*01,TRBJ1-1*01,15
P3,CAGPRDLYNQGGKLIF,TRAV27*01,TRAJ23*01,CAAKTATNEKLFF,TRBV5-4*01,TRBJ1-4*01,12
P3,CVVSESGNTPLVF,TRAV8-2*01,TRAJ29*01,CASSQDGGFGETQYF,TRBV3-1*01,TRBJ2-5*01,12
P3,CAGLNGSSNTGKLIF,TRAV27*01,TRAJ37*02,CASSAHGRNNEQFF,TRBV9*01,TRBJ2-1*01,12
P3,CALRDTGFQKLVF,TRAV13-2*01,TRAJ8*01,CASSPLLSDSYNEQFF,TRBV7-7*01,TRBJ2-1*01,11
P3,CLVGHQTGANNLFF,TRAV4*01,TRAJ36*01,CASSGRAVAGETQYF,TRBV10-2*01,TRBJ2-5*01,11
P3,CALSEAYSGGGADGLTF,TRAV19*01,TRAJ45*01,CAISGTGGTIEQYF,TRBV10-3*01,TRBJ2-7*01,10
P5,CAGYTGFQKLVF,TRAV21*01,TRAJ8*01,CASSSTRRGPLYEQYF,TRBV13*01,TRBJ2-7*01,147
P5,CLVDRNTGNQFYF,TRAV4*01,TRAJ49*01,CASSRSGVITDTQYF,TRBV5-4*01,TRBJ2-3*01,75
P5,CAENNSQGGKLIF,TRAV13-2*01,TRAJ23*01,CASSATGFPTEAFF,TRBV9*01,TRBJ1-1*01,34
P5,CVVNSGGYQKVTF,TRAV12-1*01,TRAJ13*02,CASSAPNFYEQYF,TRBV11-2*03,TRBJ2-7*01,30
P5,CAVLDSNYQLIW,TRAV1-2*01,TRAJ33*01,CASSQNRDLVGELFF,TRBV4-2*01,TRBJ2-2*01,26
P5,CAGESGGSYIPTF,TRAV25*01,TRAJ6*01,CASSPPPGHSNRNRIGTEAFF,TRBV27*01,TRBJ1-1*01,16
P5,CAYDSNYQLIW,TRAV2*01,TRAJ33*01,CASSSTRRGPLYEQYF,TRBV13*01,TRBJ2-7*01,13
P5,CASLDSNYQLIW,TRAV1-2*01,TRAJ33*01,CASSDSHTDTQYF,TRBV6-4*01,TRBJ2-3*01,11
P5,CAVRDSNYQLIW,TRAV1-2*01,TRAJ33*01,CASSHREHTEAFF,TRBV6-5*01,TRBJ1-1*01,7
P2,CAVRGQYNFNKFYF,TRAV3*01,TRAJ21*01,CASSEGVGTPFDEQFF,TRBV2*01,TRBJ2-1*01,337
P2,CAMREPADSSYKLIF,TRAV14/DV4*01,TRAJ12*01,CASSYPTSGTPRNEQYF,TRBV6-2*01,TRBJ2-7*01,150
P2,CASRGGGGSNYKLTF,TRAV24*01,TRAJ53*01,CSAPGQNYEQYF,TRBV29-1*01,TRBJ2-7*01,85
P2,CAVRGYRDDKIIF,TRAV3*01,TRAJ30*01,CASSSRVAGTDTQYF,TRBV27*01,TRBJ2-3*01,53
P2,CAMSSRF,TRAV14/DV4*01,TRAJ16*01,CASSIYGQGYQPQHF,TRBV19*01,TRBJ1-5*01,50
P2,CAMREEYNNNDMRF,TRAV14/DV4*01,TRAJ43*01,CASSSQRAGVYTGELFF,TRBV7-6*01,TRBJ2-2*01,34
P2,CAVGDFGNEKLTF,TRAV12-2*01,TRAJ48*01,CSASRLRIGHGETQYF,TRBV20-1*02,TRBJ2-5*01,32
P2,CAILNNNDMRF,TRAV14/DV4*01,TRAJ43*01,CSAKTGPPGEKLFF,TRBV20-1*02,TRBJ1-4*01,30
P2,CAYRSKNRDDKIIF,TRAV38-2/DV8*01,TRAJ30*01,CASSLRWASVYEQYF,TRBV7-8*01,TRBJ2-7*01,26
P2,CIVRAYSGGSNYKLTF,TRAV26-1*01,TRAJ53*01,CASSYHSNQPQHF,TRBV11-2*01,TRBJ1-5*01,25
P2,CAVTTPPNAGGTSYGKLTF,TRAV8-4*01,TRAJ52*01,CASRHTGAGMWTDTQYF,TRBV7-9*03,TRBJ2-3*01,22
P2,CAVRPGRDDKIIF,TRAV3*01,TRAJ30*01,CASSSRLAGGTDTQYF,TRBV27*01,TRBJ2-3*01,21
P2,CAVRPDSNYQLIW,TRAV3*01,TRAJ33*01,CASSLRTSGLSYEQYF,TRBV3-1*01,TRBJ2-7*01,20
P2,CAVGYSGAGSYQLTF,TRAV21*01,TRAJ28*01,CASSISGGLSTDTQYF,TRBV7-6*01,TRBJ2-3*01,20
P2,CLVGANTNAGKSTF,TRAV4*01,TRAJ27*01,CASSQDGGGPRQVEQFF,TRBV4-2*01,TRBJ2-1*01,19
P7,CIVVPNFGNEKLTF,TRAV26-1*01,TRAJ48*01,CAWSEDRGQGKPEAFF,TRBV30*01,TRBJ1-1*01,60
P7,CFYGGATNKLIF,TRAV1-2*01,TRAJ32*02,CASSLERGRDEQYF,TRBV5-5*01,TRBJ2-7*01,46
P7,CAVRYTGFQKLVF,TRAV1-2*01,TRAJ8*01,CASSRESASRVGYGYTF,TRBV2*01,TRBJ1-2*01,11
P7,CERSGSNYQLIW,TRAV1-1*01,TRAJ33*01,CASSRESASRVGYGYTF,TRBV2*01,TRBJ1-2*01,10
P7,CAVRPYRDDKIIF,TRAV3*01,TRAJ30*01,CASSSRLAGGSYEQYF,TRBV27*01,TRBJ2-7*01,8
P7,CAMREDTGRRALTF,TRAV14/DV4*02,TRAJ5*01,CASSLGQGAANTEAFF,TRBV7-8*01,TRBJ1-1*01,6
P7,CAGPISASKIIF,TRAV13-2*01,TRAJ3*01,CAWSLRGDAEQYF,TRBV30*01,TRBJ2-7*01,6
P9,CALSDMDSNYQLIW,TRAV19*01,TRAJ33*01,CASSTDLGRGSTEAFF,TRBV5-8*01,TRBJ1-1*01,134
P9,CAVNPRNDYKLSF,TRAV12-2*01,TRAJ20*01,CAVNPRNDYKLSF,TRBV6-1*01,TRBJ2-7*01,18
P9,CAVDMWDMRF,TRAV39*01,TRAJ43*01,CATSDPRQGVGTGELFF,TRBV24-1*01,TRBJ2-2*01,9
P9,CAAGTTGNQFYF,TRAV20*01,TRAJ49*01,CASSQWAANTEAFF,TRBV4-1*01,TRBJ1-1*01,9
P9,CAAIANDYKLSF,TRAV29/DV5*01,TRAJ20*01,CASSLGSTPNEQFF,TRBV5-4*01,TRBJ2-1*01,8
P9,CAVAANTDKLIF,TRAV8-3*01,TRAJ34*01,CSASPASYEQYF,TRBV20-1*02,TRBJ2-7*01,8
P9,CAVGTGGFKTIF,TRAV1-2*01,TRAJ9*01,CASSPTGPRGGGTEAFF,TRBV28*01,TRBJ1-1*01,7
P9,CAVRDGRAAGNKLTF,TRAV1-1*01,TRAJ17*01,CATSDFKGPDGGVTQYF,TRBV24-1*01,TRBJ2-5*01,7
P9,CAVSGRTDKLIF,TRAV8-6*02,TRAJ34*01,CSASPSSYEQYF,TRBV20-1*02,TRBJ2-7*01,7
P9,CAMDSNYQLIW,TRAV38-2/DV8*01,TRAJ33*01,CASGWESPLHF,TRBV6-5*01,TRBJ1-6*01,6
P8,CAATPPASNFGNEKLTF,TRAV13-1*01,TRAJ48*01,CASSRKWTSGDQETQYF,TRBV7-8*01,TRBJ2-5*01,98
P8,CILRDNFGNEKLTF,TRAV26-2*01,TRAJ48*01,CASSRKWTSGDQETQYF,TRBV7-8*01,TRBJ2-5*01,71
P8,CAVRDQNAGNMLTF,TRAV1-2*01,TRAJ39*01,CASSLNLGQGMNQPQHF,TRBV5-4*01,TRBJ1-5*01,48
P8,CAASGGYNKLIF,TRAV29/DV5*01,TRAJ4*01,CASSLQREQYF,TRBV2*01,TRBJ2-7*01,38
P8,CAVVDSNYQLIW,TRAV1-2*01,TRAJ33*01,CASSHADSSSGANVLTF,TRBV3-1*01,TRBJ2-6*01,29
P8,CAMSAWEGAQKLVF,TRAV12-3*01,TRAJ54*01,CASSYKGGVTYNEQFF,TRBV6-6*01,TRBJ2-1*01,27
P8,CAMRGINTGNQFYF,TRAV14/DV4*01,TRAJ49*01,CASSPTLGPRAGTDTQYF,TRBV5-1*01,TRBJ2-3*01,20
P8,CAVRDPRPGRKAYLRT,TRAV1-1*01,TRAJ23*01,CASSHADSSSGANVLTF,TRBV3-1*01,TRBJ2-6*01,18
P8,CALGSNYQLIW,TRAV16*01,TRAJ33*01,CASSYRGGNTIYF,TRBV27*01,TRBJ1-3*01,17
P8,CIVPQTGANNLFF,TRAV26-1*01,TRAJ36*01,CASSTPSQGTEAFF,TRBV11-2*03,TRBJ1-1*01,16
P8,CILRDVGGSQGNLIF,TRAV26-2*01,TRAJ42*01,CASSLAVATGELFF,TRBV5-4*01,TRBJ2-2*01,15
P8,CALSEGSGTYKYIF,TRAV19*01,TRAJ40*01,CASSGSGTSGDEEFF,TRBV9*01,TRBJ2-1*01,12
P8,CALEADAGGTSYGKLTF,TRAV6*01,TRAJ52*01,CASSPKIEAFF,TRBV7-9*03,TRBJ1-1*01,12
P8,CAVVNQMDSNYQLIW,TRAV8-3*01,TRAJ33*01,CASSQGGTGVAFF,TRBV4-1*01,TRBJ1-1*01,11
P8,CAVAYQAGTALIF,TRAV8-6*02,TRAJ15*01,CASEGDTQYF,TRBV19*01,TRBJ2-3*01,11
P4,CAMRGGSGTYKYIF,TRAV14/DV4*01,TRAJ40*01,CASSQDRATDTQYF,TRBV5-1*01,TRBJ2-3*01,303
P4,CAGDRDDKIIF,TRAV27*01,TRAJ30*01,CASSPMVGWTDTQYF,TRBV12-4*01,TRBJ2-3*01,134
P4,CAGVVASHAGNMLTF,TRAV27*01,TRAJ39*01,CASSPMVGWTDTQYF,TRBV12-4*01,TRBJ2-3*01,131
P4,CAASNGNNDMRF,TRAV13-1*01,TRAJ43*01,CASSLGLAGDLDEQFF,TRBV7-9*03,TRBJ2-1*01,130
P4,CAMRERGGGSNYKLTF,TRAV14/DV4*01,TRAJ53*01,CASSTSQGGEQFF,TRBV7-6*01,TRBJ2-1*01,94
P4,CAVQEAAGNKLTF,TRAV20*01,TRAJ17*01,CASNQGLAGGRLYNEQFF,TRBV19*01,TRBJ2-1*01,81
P4,CAIQIGDYGQNFVF,TRAV14/DV4*01,TRAJ26*01,CASSVLTSGGQETQYF,TRBV6-1*01,TRBJ2-5*01,80
P4,CALISNFGNEKLTF,TRAV9-2*01,TRAJ48*01,CASSAGQVQETQYF,TRBV2*01,TRBJ2-5*01,73
P4,CAVGLSGSARQLTF,TRAV2*01,TRAJ22*01,CASSQVPGLAGGLHEQYF,TRBV3-1*01,TRBJ2-7*01,56
P4,CAVRIWAEDFGNEKLTF,TRAV3*01,TRAJ48*01,CASSIGADMYEQYF,TRBV19*01,TRBJ2-7*01,55
P4,CAALTSGTYKYIF,TRAV29/DV5*01,TRAJ40*01,CASSLDSVDQETQYF,TRBV6-5*01,TRBJ2-5*01,54
P4,CAVRDEGSGAGSYQLTF,TRAV3*01,TRAJ28*01,CASSQDYAGGYEQYF,TRBV4-3*01,TRBJ2-7*01,52
P4,CAVPTSGTYKYIF,TRAV2*01,TRAJ40*01,CASSLVPGLAGGLVEQFF,TRBV7-9*03,TRBJ2-1*01,46
P4,CAEGGGSYIPTF,TRAV5*01,TRAJ6*01,CASSLTQGAQETQYF,TRBV7-8*01,TRBJ2-5*01,45
P4,CALSELYSGGGADGLTF,TRAV19*01,TRAJ45*01,CASSPGLAGDLYEQYF,TRBV13*01,TRBJ2-7*01,35
P6,CAMRERLGSASKIIF,TRAV14/DV4*02,TRAJ3*01,CSARDTGPYEQYF,TRBV20-1*02,TRBJ2-7*01,85
P6,CASDNAGNMLTF,TRAV12-2*01,TRAJ39*01,CASSPQSQNIQYF,TRBV9*01,TRBJ2-4*01,72
P6,CAENSHFNAGGTSYGKLTF,TRAV13-2*01,TRAJ52*01,CASSYSGHPGRAFF,TRBV5-1*01,TRBJ1-1*01,23
P6,CALPPDGQKLLF,TRAV6*01,TRAJ16*01,CSARDTGPYEQYF,TRBV20-1*02,TRBJ2-7*01,22
P6,CALEAGNMLTF,TRAV6*01,TRAJ39*01,CSVEPDRGRKETQYF,TRBV29-1*01,TRBJ2-5*01,16
P6,CLVGGYNKLIF,TRAV4*01,TRAJ4*01,CASSPTTRSTSYNEQFF,TRBV28*01,TRBJ2-1*01,14
P6,CAVYDYKLSF,TRAV12-2*01,TRAJ20*01,CASSQERGVYNEQFF,TRBV3-1*01,TRBJ2-1*01,14
P6,CATDSTSGTYKYIF,TRAV17*01,TRAJ40*01,CASSLEGASGYTF,TRBV13*01,TRBJ1-2*01,14
P6,CAGEDYGQNFVF,TRAV27*01,TRAJ26*01,CASSLGWNEQFF,TRBV7-9*03,TRBJ2-1*01,12
P6,CAVSSSGGYQKVTF,TRAV8-6*01,TRAJ13*02,CSARDPRWGEKLFF,TRBV20-1*02,TRBJ1-4*01,9
P6,CAVSDRTDKLIF,TRAV8-6*02,TRAJ34*01,CSASPSSYEQYF,TRBV20-1*02,TRBJ2-7*01,9
P6,CAVIDLYSGAGSYQLTF,TRAV8-1*01,TRAJ28*01,CASSIVGNSGELFF,TRBV19*01,TRBJ2-2*01,9
P6,CAPPLSSGSARQLTF,TRAV16*01,TRAJ22*01,CASSLGWNEQFF,TRBV7-9*03,TRBJ2-1*01,8
P6,CAMWSSGGSNYKLTF,TRAV12-3*01,TRAJ53*01,CASNLGATGELFF,TRBV9*01,TRBJ2-2*01,8
P6,CAARIQGAQKLVF,TRAV29/DV5*01,TRAJ54*01,CASSPGGAAKNIQYF,TRBV6-1*01,TRBJ2-4*01,8
P10,CALVETGANNLFF,TRAV19*01,TRAJ36*01,CASSLPGMNTEAFF,TRBV11-3*01,TRBJ1-1*01,147
P10,CASPGAGSYQLTF,TRAV36/DV7*01,TRAJ28*01,CASSLWSATNEKLFF,TRBV28*01,TRBJ1-4*01,48
P10,CAVGDNAGNMLTF,TRAV22*01,TRAJ39*01,CASSEVWASDHEQYF,TRBV6-1*01,TRBJ2-7*01,45
P10,CATDRGDYKLSF,TRAV17*01,TRAJ20*01,CASSLFLSSYNSPLHF,TRBV27*01,TRBJ1-6*02,43
P10,CIVRVQPLNDYKLSF,TRAV26-1*01,TRAJ20*01,CASSFGGREAGNTIYF,TRBV12-4*01,TRBJ1-3*01,37
P10,CALGPDKLIF,TRAV14/DV4*01,TRAJ34*01,CASSPHTSTDTQYF,TRBV7-9*03,TRBJ2-3*01,23
P10,CALPGPHFNKFYF,TRAV6*01,TRAJ21*01,CASSDRDRELFF,TRBV6-5*01,TRBJ2-2*01,17
P10,CAAYTGRRALTF,TRAV12-2*01,TRAJ5*01,CASSRQGVLEAFF,TRBV7-9*03,TRBJ1-1*01,14
P10,CAVGASNDYKLSF,TRAV8-3*01,TRAJ20*01,CASSLYRDISYEQYF,TRBV4-3*01,TRBJ2-7*01,13
P10,CAFATGNQFYF,TRAV38-1*01,TRAJ49*01,CASSAVLAGGTDTQYF,TRBV11-2*01,TRBJ2-3*01,12
P10,CAGQAGTALIF,TRAV12-2*01,TRAJ15*01,CASSQGEGGYTF,TRBV4-1*01,TRBJ1-2*01,12
P10,CAVQAEGNAGNMLTF,TRAV20*01,TRAJ39*01,CASSFQAGSISGNTIYF,TRBV7-2*01,TRBJ1-3*01,12
P10,CAVRDEGGSYIPTF,TRAV3*01,TRAJ6*01,CASSLEWVDTQYF,TRBV7-2*01,TRBJ2-3*01,9
P10,CAVRGNTDKLIF,TRAV21*01,TRAJ34*01,CASSFQAGSISGNTIYF,TRBV7-2*01,TRBJ1-3*01,9
P10,CASGGEYGNKLVF,TRAV12-3*01,TRAJ47*01,CATSRDQRGVYGYTF,TRBV15*01,TRBJ1-2*01,8
HC,CAYRSVYRSFMYSGGGADGLTF,TRAV38-2/DV8*01,TRAJ45*01,CASSLEVGGGEETQYF,TRBV7-6*01,TRBJ2-5*01,41
HC,CIVRGPRNTGNQFYF,TRAV26-1*01,TRAJ49*01,CASSLEVGGGEETQYF,TRBV7-6*01,TRBJ2-5*01,41
HC,CAYRSVYRSFMYSGGGADGLTF,TRAV38-2/DV8*01,TRAJ45*01,CASSLEVGGGEETQYF,TRBV7-6*01,TRBJ2-5*01,17
HC,CAAYSGSRLTF,TRAV41*01,TRAJ58*01,CASSEAPETSGTKGYEQFF,TRBV2*01,TRBJ2-1*01,17
HC,CAMRPSFSGGYNKLIF,TRAV14/DV4*01,TRAJ4*01,CASSQDSSSNSPLHF,TRBV4-3*01,TRBJ1-6*01,10
HC,CADPSVVGTYKYIF,TRAV13-1*01,TRAJ40*01,CASSQEASQEPYNEQFF,TRBV4-3*01,TRBJ2-1*01,10
HC,CAVIGGSYIPTF,TRAV1-2*01,TRAJ6*01,CASSQEASQEPYNEQFF,TRBV4-3*01,TRBJ2-1*01,10
HC,CALSGGYNKLIF,TRAV19*01,TRAJ4*01,CAISDGDIEEKLFF,TRBV10-3*01,TRBJ1-4*01,9
HC,CAVVRRKSGANNLFF,TRAV21*01,TRAJ36*01,CASSFTTGANGYTF,TRBV19*01,TRBJ1-2*01,8
HC,CAYADNYGQNFVF,TRAV5*01,TRAJ26*01,CASSPGRSYEQYF,TRBV5-4*01,TRBJ2-7*01,8
HC,CAVDQAGTALIF,TRAV36/DV7*01,TRAJ15*01,CASSQLLGQGPYEQYF,TRBV4-1*01,TRBJ2-7*01,8
HC,CAVTTNAGNMLTF,TRAV21*01,TRAJ39*01,CASSREGGIYNEQFF,TRBV10-1*01,TRBJ2-1*01,7
HC,CAAWNDYKLSF,TRAV23/DV6*01,TRAJ20*01,CASSQSTFEASGELFF,TRBV4-3*01,TRBJ2-2*01,7
HC,CVVSQAGTALIF,TRAV12-1*01,TRAJ15*01,CASSFLSPGANVLTF,TRBV12-4*01,TRBJ2-6*01,6
HC,CIVRGPRNTGNQFYF,TRAV26-1*01,TRAJ49*01,CASSLEVGGGEETQYF,TRBV7-6*01,TRBJ2-5*01,6
HC,CAVNNYGQNFVF,TRAV21*01,TRAJ26*01,CASSLAGGNTGELFF,TRBV12-4*01,TRBJ2-2*01,5
HC,CVVRETSYDKVIF,TRAV12-1*01,TRAJ50*01,CASKGETNTEAFF,TRBV9*01,TRBJ1-1*01,5
HC,CAVRAFQKLVF,TRAV12-2*01,TRAJ8*01,CASSLDRSTNEKLFF,TRBV12-3*01,TRBJ1-4*01,5
HC,CAVRIAGNKLTF,TRAV21*01,TRAJ17*01,CASSYEWGAFNEQFF,TRBV6-2*01,TRBJ2-1*01,5
HC,CIVRGYSGGSNYKLTF,TRAV26-1*01,TRAJ53*01,CASSVTGLSTDTQYF,TRBV9*01,TRBJ2-3*01,4
HC,CAPGDSNYQLIW,TRAV1-2*01,TRAJ33*01,CASSPEGGSYNEQFF,TRBV6-4*01,TRBJ2-1*01,4
HC,CAVSDSNYQLIW,TRAV1-2*01,TRAJ33*01,CASSDGQPNNEQFF,TRBV6-4*01,TRBJ2-1*01,4
HC,CVVTPGSTLGRLYF,TRAV12-1*01,TRAJ18*01,CASSVTSGGAGETQYF,TRBV14*01,TRBJ2-5*01,4
HC,CAMSRGGKLIF,TRAV12-3*01,TRAJ23*01,CASRAGGPVNEQFF,TRBV10-2*01,TRBJ2-1*01,4
HC,CAENPNTDKLIF,TRAV13-2*01,TRAJ34*01,CSASPTSGVTGELFF,TRBV20-1*01,TRBJ2-2*01,3
HC,CAVRDSNYQLIW,TRAV1-2*01,TRAJ33*01,CASSQDFSDTPNSLHF,TRBV4-3*01,TRBJ1-6*01,3
HC,CAVIGGSYIPTF,TRAV1-2*01,TRAJ6*01,CASSQEASQEPYNEQFF,TRBV4-3*01,TRBJ2-1*01,3
HC,CAVKDQGGSEKLVF,TRAV21*01,TRAJ57*01,CASSLGRTLRGETQYF,TRBV7-7*01,TRBJ2-5*01,3
HC,CAVRTTLTGANSKLTF,TRAV21*01,TRAJ56*01,CASSQKGQVNTEAFF,TRBV18*01,TRBJ1-1*01,3
HC,CAAMDSSYKLIF,TRAV27*01,TRAJ12*01,CASSRSDTQYF,TRBV7-9*01,TRBJ2-3*01,3
HC,CAVLRMDSSYKLIF,TRAV8-4*01,TRAJ12*01,CASSPPGQGISATLNYGYTF,TRBV7-9*01,TRBJ1-2*01,3
HC,CAFMKHLKGI,TRAV38-1*01,TRAJ52*01,CASTRRISDSNQPQHF,TRBV28*01,TRBJ1-5*01,3
HC,CAVIGGSYIPTF,TRAV1-2*01,TRAJ6*01,CASSQEASQEPYNEQFF,TRBV4-3*01,TRBJ2-1*01,3